{"cameraMode":{"drawMode":0,"name":"Shaded","section":"Shading Mode"},"sceneLighting":true,"audioPlay":false,"sceneViewState":{"m_AlwaysRefresh":false,"showFog":true,"showSkybox":true,"showFlares":true,"showImageEffects":true,"showParticleSystems":true,"showVisualEffectGraphs":true,"m_FxEnabled":true},"in2DMode":false,"pivot":{"x":-2.3809170722961427,"y":-0.6662824153900147,"z":0.7495899200439453},"rotation":{"x":0.13685016334056855,"y":-0.5782867074012756,"z":0.09915341436862946,"w":0.7981454133987427},"size":4.959041595458984,"orthographic":false}